{
  "systems": [
    {
      "name": "Direct LLM / (Claude, no tools)",
      "ranking": "A > B > C",
      "A_mean": 5.816666666666667,
      "B_mean": 5.4416666666666655,
      "C_mean": 5.083333333333334,
      "AUC_A_vs_B": 0.6423611111111112,
      "AUC_A_vs_C": 0.7951388888888888,
      "AUC_A_vs_rest": 0.71875,
      "p_A_vs_B": 0.23658409332187613,
      "p_A_vs_C": 0.014137969455911392
    },
    {
      "name": "LLM+Tools Agent / (Claude+RDKit)",
      "ranking": "A > C > B",
      "A_mean": 8.283333333333333,
      "B_mean": 4.941666666666667,
      "C_mean": 5.691666666666666,
      "AUC_A_vs_B": 0.9479166666666666,
      "AUC_A_vs_C": 0.9513888888888888,
      "AUC_A_vs_rest": 0.9496527777777778,
      "p_A_vs_B": 0.00019616147370649095,
      "p_A_vs_C": 0.00017488659254194516
    },
    {
      "name": "DruGUI / (8-stage VS)",
      "ranking": "C > A > B",
      "A_mean": 0.5565416666666667,
      "B_mean": 0.4962416666666667,
      "C_mean": 0.5919,
      "AUC_A_vs_B": 0.6666666666666666,
      "AUC_A_vs_C": 0.24305555555555555,
      "AUC_A_vs_rest": 0.4548611111111111,
      "p_A_vs_B": 0.1658566603429099,
      "p_A_vs_C": 0.0326634416849112
    },
    {
      "name": "RDKit Pipeline / (Phase 1)",
      "ranking": "C > A > B",
      "A_mean": 0.7243083333333334,
      "B_mean": 0.6532416666666666,
      "C_mean": 0.7582833333333333,
      "AUC_A_vs_B": 0.6944444444444444,
      "AUC_A_vs_C": 0.5625,
      "AUC_A_vs_rest": 0.6284722222222222,
      "p_A_vs_B": 0.10596880912720219,
      "p_A_vs_C": 0.6033317722918665
    }
  ],
  "n_systems": 4,
  "n_correct_ranking": 1,
  "n_inverted_ranking": 2
}